{
  "best_model": "logreg",
  "labels": [
    "negative",
    "neutral",
    "positive"
  ],
  "n_train": 301,
  "n_test": 76,
  "n_total": 377,
  "train_label_counts": {
    "positive": 215,
    "negative": 66,
    "neutral": 20
  },
  "results": {
    "logreg": {
      "cv_macro_f1": 0.6396,
      "test_accuracy": 0.8158,
      "test_macro_f1": 0.6426,
      "test_weighted_f1": 0.8278,
      "per_class": {
        "negative": {
          "precision": 0.7058823529411765,
          "recall": 0.7058823529411765,
          "f1-score": 0.7058823529411765,
          "support": 17.0
        },
        "neutral": {
          "precision": 0.25,
          "recall": 0.4,
          "f1-score": 0.3076923076923077,
          "support": 5.0
        },
        "positive": {
          "precision": 0.9411764705882353,
          "recall": 0.8888888888888888,
          "f1-score": 0.9142857142857143,
          "support": 54.0
        },
        "accuracy": 0.8157894736842105,
        "macro avg": {
          "precision": 0.6323529411764706,
          "recall": 0.6649237472766885,
          "f1-score": 0.6426201249730661,
          "support": 76.0
        },
        "weighted avg": {
          "precision": 0.8430727554179566,
          "recall": 0.8157894736842105,
          "f1-score": 0.8277617119722382,
          "support": 76.0
        }
      }
    },
    "linearsvc": {
      "cv_macro_f1": 0.6144,
      "test_accuracy": 0.8026,
      "test_macro_f1": 0.6377,
      "test_weighted_f1": 0.8004,
      "per_class": {
        "negative": {
          "precision": 0.7692307692307693,
          "recall": 0.5882352941176471,
          "f1-score": 0.6666666666666666,
          "support": 17.0
        },
        "neutral": {
          "precision": 0.3333333333333333,
          "recall": 0.4,
          "f1-score": 0.36363636363636365,
          "support": 5.0
        },
        "positive": {
          "precision": 0.8596491228070176,
          "recall": 0.9074074074074074,
          "f1-score": 0.8828828828828829,
          "support": 54.0
        },
        "accuracy": 0.8026315789473685,
        "macro avg": {
          "precision": 0.6540710751237068,
          "recall": 0.6318809005083516,
          "f1-score": 0.6377286377286376,
          "support": 76.0
        },
        "weighted avg": {
          "precision": 0.8047979259890617,
          "recall": 0.8026315789473685,
          "f1-score": 0.8003577740419846,
          "support": 76.0
        }
      }
    },
    "complementnb": {
      "cv_macro_f1": 0.5531,
      "test_accuracy": 0.6711,
      "test_macro_f1": 0.4228,
      "test_weighted_f1": 0.6036,
      "per_class": {
        "negative": {
          "precision": 0.0,
          "recall": 0.0,
          "f1-score": 0.0,
          "support": 17.0
        },
        "neutral": {
          "precision": 0.375,
          "recall": 0.6,
          "f1-score": 0.46153846153846156,
          "support": 5.0
        },
        "positive": {
          "precision": 0.7384615384615385,
          "recall": 0.8888888888888888,
          "f1-score": 0.8067226890756303,
          "support": 54.0
        },
        "accuracy": 0.6710526315789473,
        "macro avg": {
          "precision": 0.37115384615384617,
          "recall": 0.4962962962962963,
          "f1-score": 0.4227537168713639,
          "support": 76.0
        },
        "weighted avg": {
          "precision": 0.5493674089068826,
          "recall": 0.6710526315789473,
          "f1-score": 0.6035620726023203,
          "support": 76.0
        }
      }
    }
  }
}